,name,grass_win
0,A Ferguson,1
1,A G Barker,1
2,A Galbraith,1
3,A J Gould,1
4,A Jackson,1
6,AJ Mitha,1
9,Aaron Krickstein,12
19,Abe Segal,1
31,Adam Pavlasek,1
44,Adrian Mannarino,49
49,Adrian Menendez Maceiras,1
55,Adrian Voinea,5
59,Adriano Panatta,26
63,Agustin Calleri,4
75,Aisam Ul Haq Qureshi,19
81,Aki Rahunen,2
84,Akira Santillan,1
91,Alan Fox,4
93,Alan Mackin,1
100,Albert Costa,2
104,Albert Montanes,6
108,Albert Portas,3
111,Albert Ramos,6
121,Alberto Mancini,1
125,Alberto Martin,8
145,Alejandro Falla,16
160,Alejandro Olmedo,13
170,Aleksandr Nedovyesov,1
179,Alessio Di Mauro,1
183,Alex Antonitsch,18
186,Alex Bogdanovic,9
189,Alex Bogomolov Jr,11
191,Alex Bolt,1
194,Alex Calatrava,1
198,Alex Corretja,4
201,Alex De Minaur,4
204,Alex Kim,1
208,Alex Kuznetsov,2
216,Alex Metreveli,92
220,Alex Obrien,13
224,Alex Radulescu,10
232,Alexander Bublik,4
241,Alexander Mronz,4
245,Alexander Peya,4
249,Alexander Popp,24
251,Alexander Reichel,1
262,Alexander Volkov,39
266,Alexander Waske,4
269,Alexander Zverev,24
273,Alexandr Dolgopolov,23
275,Alexandre Hocevar,1
281,Alexandre Simoni,1
286,Alexei Popyrin,1
295,Ali Hamadeh,1
301,Alistair Hunt,2
304,Aljaz Bedene,11
308,Allan McDonald,5
311,Allan Stone,72
317,Altug Celikbilek,1
324,Alvaro Fillol,1
331,Alvin Gardiner,6
336,Amer Delic,2
348,Amos Mansdorf,35
353,Anand Amritraj,17
360,Anders Jarryd,35
370,Andre Agassi,50
375,Andre Sa,10
381,Andrea Gaudenzi,1
386,Andreas Beck,7
390,Andreas Haider Maurer,4
395,Andreas Maurer,14
399,Andreas Seppi,60
403,Andreas Vinciguerra,2
410,Andrei Chesnokov,6
414,Andrei Dirzu,1
422,Andrei Medvedev,16
429,Andrei Olhovskiy,23
433,Andrei Pavel,22
439,Andrei Stoliarov,6
454,Andres Gimeno,45
458,Andres Gomez,10
465,Andrew Castle,8
467,Andrew Foster,4
471,Andrew Ilie,5
475,Andrew Jarrett,3
479,Andrew Pattison,35
483,Andrew Richardson,3
492,Andrey Golubev,1
495,Andrey Kuznetsov,7
498,Andrey Rublev,4
504,Andy Andrews,7
508,Andy Kohlberg,1
512,Andy Murray,108
519,Andy Roddick,87
524,Angel Gimenez,1
528,Ante Pavic,2
530,Anthony Billington,1
531,Anthony Bull,1
533,Anthony Hammond,2
534,Anthony Lane,1
545,Antonio Munoz,5
547,Antonio Palafox,2
553,Antonio Zugarelli,4
557,Antony Dupuis,19
562,Aqeel Khan,10
578,Armistead Neely,8
583,Arnaud Boetsch,19
587,Arnaud Clement,50
591,Arnaud Di Pasquale,1
595,Arne Thoms,12
598,Artem Sitak,1
604,Arthur Ashe,110
609,Arvind Parmar,11
634,Austin Krajicek,1
646,Balazs Taroczy,14
650,Barry Cowan,3
654,Barry Mackay,1
657,Barry Moir,5
661,Barry Phillips Moore,30
673,Beejong Sisson,2
676,Belus Prajoux,3
678,Ben Ellwood,1
682,Ben Qiang Zhu,2
686,Ben Testerman,21
694,Benjamin Becker,36
701,Benoit Paire,23
712,Bernard Boileau,1
716,Bernard Fritz,2
720,Bernard Mignot,3
724,Bernard Mitton,36
731,Bernard Tomic,38
737,Bernd Karbacher,4
742,Bernhard Pils,1
744,Berry Geraghty,1
754,Bill Bowrey,44
756,Bill Brown,1
757,Bill Colson,1
760,Bill Freer,2
762,Bill Gilmour,1
764,Bill Lloyd,7
767,Bill Lofgren,2
771,Bill Maze,4
776,Bill Scanlon,59
780,Billy Martin,20
788,Bing Pan,1
792,Birger Andersson,2
796,Bjorn Borg,72
799,Bjorn Fratangelo,3
803,Bjorn Phau,1
813,Blaz Kavcic,3
816,Blaz Rola,1
824,Bob Bryan,8
828,Bob Carmichael,46
832,Bob Giltinan,52
834,Bob Goeltz,1
836,Bob Green,5
840,Bob Hewitt,44
843,Bob Howe,7
848,Bobby Reynolds,5
854,Bohdan Ulihrach,5
862,Bong Soo Kim,1
868,Boris Becker,116
874,Borna Coric,11
886,Brad Drewett,85
890,Brad Gilbert,31
893,Brad Guan,6
896,Brad Pearce,7
900,Bradley Klahn,2
904,Branislav Stankovic,2
907,Brendan Evans,4
910,Brent Larkham,1
915,Bret Garnett,1
921,Brett Steven,35
924,Brian Baker,5
926,Brian Benson,1
927,Brian Bowman,1
928,Brian Cheney,1
929,Brian Connor,1
931,Brian Dabul,3
938,Brian Fairlie,52
941,Brian Ford,1
943,Brian Garrow,1
947,Brian Gottfried,76
952,Brian Macphie,8
958,Brian Teacher,86
961,Brian Vahaly,3
966,Broderick Dyke,19
969,Bruce Derlin,8
975,Bruce Kleege,2
979,Bruce Manson,7
996,Bryan Shelton,24
998,Brydan Klein,1
1002,Bud Schultz,13
1007,Buster C Mottram,25
1011,Butch Seewagen,16
1015,Butch Walts,9
1019,Byron Bertram,18
1023,Byron Black,55
1026,C J Bendall,1
1028,C Wijono,1
1032,Cameron Norrie,5
1038,Carl Limberger,1
1043,Carl Uwe Steeb,2
1052,Carlos Berlocq,6
1061,Carlos Costa,3
1071,Carlos Kirmayr,9
1076,Carlos Moya,13
1093,Cassio Motta,8
1097,Cecil Mamiit,4
1099,Cecil Pedlow,1
1102,Cedric Pioline,46
1105,Cedrik Marcel Stebe,2
1122,Charles Mckinley,2
1125,Charles Owens,7
1128,Charlie Fancutt,15
1132,Charlie Pasarell,55
1134,Charlton Eagle,1
1135,Chauncey Steele Iii,7
1148,Chip Hooper,13
1152,Chiraid Mukherjea,3
1154,Chris Bailey,9
1156,Chris Bovett,1
1161,Chris Delaney,11
1165,Chris Dunk,2
1167,Chris Eaton,1
1173,Chris Guccione,8
1175,Chris Gunning,2
1177,Chris Haggard,1
1180,Chris Johnstone,21
1184,Chris Kachel,18
1188,Chris Lewis,58
1192,Chris Mayotte,1
1196,Chris Pridham,6
1198,Chris Walsh,1
1201,Chris Wilkinson,20
1205,Chris Woodruff,10
1211,Christian Bergstrom,14
1215,Christian Garin,2
1219,Christian Harrison,1
1222,Christian Kuhnke,1
1232,Christian Saceanu,23
1235,Christian Vinck,5
1239,Christo Steyn,16
1243,Christo Van Rensburg,55
1260,Christophe Rochus,3
1264,Christophe Roger Vasselin,2
1268,Christophe Van Garsse,2
1272,Christopher Eubanks,1
1282,Chuck Adams,3
1289,Clark Graebner,63
1297,Claudio Mezzadri,1
1301,Claudio Panatta,4
1304,Claudio Pistolesi,1
1306,Clay Iles,2
1315,Cliff Drysdale,50
1319,Cliff Letcher,34
1323,Cliff Richey,40
1328,Clive Wilderspin,1
1330,Colin Beecher,1
1333,Colin Dibley,94
1338,Colin Dowdeswell,10
1343,Colin Obrien,1
1347,Colin Stubs,5
1351,Conor Niland,1
1355,Corentin Moutet,1
1360,Corrado Barazzutti,1
1365,Craig A Miller,13
1369,Craig Edwards,2
1372,Craig Wittus,8
1377,Cristiano Caratti,3
1382,Cyril Saulnier,10
1385,D Beasant,1
1387,D Richard Russell,4
1394,Dale Collings,17
1396,Dale Houston,2
1403,Damir Dzumhur,10
1407,Damir Keretic,7
1411,Dan Bleckinger,3
1414,Dan Cassidy,7
1419,Dan Goldie,19
1423,Danai Udomchoke,6
1428,Danie Visser,31
1433,Daniel Altmaier,2
1435,Daniel Brands,7
1439,Daniel Contet,3
1442,Daniel Courcol,1
1448,Daniel Evans,11
1454,Daniel Gimeno Traver,2
1457,Daniel Heryanto,1
1469,Daniel Nestor,18
1475,Daniel Vacek,17
1481,Daniele Bracciali,9
1486,Daniil Medvedev,18
1491,Danny Obryant,1
1494,Danny Saltz,4
1498,Danny Sapsford,8
1506,Darren Cahill,21
1511,Dave Randall,1
1514,Dave Siegler,2
1516,Dave Simmonds,2
1518,David Adams,4
1522,David Brown,1
1527,David Carter,17
1531,David Dilucia,2
1534,David Dowlen,1
1539,David Engel,4
1541,David Felgate,1
1544,David Ferrer,44
1547,David Goffin,24
1557,David Lloyd,16
1562,David Mustard,7
1566,David Nainkin,6
1570,David Nalbandian,31
1574,David Pate,31
1578,David Prinosil,35
1582,David Rikl,2
1588,David Schneider,5
1590,David Segal,2
1591,David Sherwood,1
1593,David Smith,1
1598,David Wheaton,49
1601,David Witt,7
1605,Davide Sanguinetti,20
1613,Dejan Petrovic,1
1617,Denis Gremelmayr,2
1620,Denis Istomin,41
1623,Denis Kudla,22
1628,Denis Naegelen,1
1631,Denis Shapovalov,3
1635,Dennis Foley,2
1636,Dennis Matthews,2
1639,Dennis Novak,2
1641,Dennis Novikov,3
1645,Dennis Ralston,39
1649,Dennis Van Scheppingen,7
1655,Deon Joubert,3
1658,Derek Schroder,2
1661,Derek Tarr,1
1666,Derrick Rostagno,42
1668,Desmond Early,2
1678,Dick Crealy,77
1682,Dick Dell,6
1684,Dick Knight,2
1687,Dick Norman,12
1691,Dick R Bohrnstedt,10
1695,Dick Stockton,60
1708,Diego Nargiso,11
1714,Diego Schwartzman,5
1736,Dinu Pescariu,1
1751,Dmitry Tursunov,37
1755,Dominic Thiem,15
1759,Dominik Hrbaty,6
1762,Dominik Koepfer,1
1765,Dominik Meffert,1
1772,Don Mccormick,1
1774,Don O'Connell,1
1779,Donald Watt,2
1781,Donald Young,15
1792,Doug Flach,8
1794,Doug Smith,1
1798,Douglas Palm,1
1803,Drew Gitlin,10
1807,Dudi Sela,26
1812,Dusan Lajovic,4
1816,Dusan Vemic,3
1819,Dustin Brown,18
1822,E Davies,1
1823,E Victor Seixas,2
1827,Earl Butch Buchholz,16
1835,Eddie Dibbs,6
1839,Eddie Edwards,40
1841,Eddie Myers,1
1849,Edison Mandarino,1
1853,Edouard Roger Vasselin,16
1864,Eduardo Masso,3
1872,Eduardo Schwank,1
1876,Eduardo Velez,1
1895,Eliot Teltscher,6
1908,Emilio Benfele Alvarez,1
1914,Emilio Montano,1
1918,Emilio Sanchez,4
1934,Eric Deblicker,2
1940,Eric Friedler,1
1944,Eric Fromm,2
1948,Eric Jelen,33
1952,Eric Korita,1
1955,Eric Riley,1
1957,Eric Sherbeck,2
1964,Eric Winogradsky,2
1973,Erik Van Dillen,27
1978,Ernesto Escobedo,2
1984,Ernests Gulbis,15
1987,Ernie Ewert,12
2002,Eui Jong Chang,2
2007,Evgeny Donskoy,4
2011,Evgeny Korolev,2
2020,Ezio Di Matteo,1
2025,Fabio Fognini,19
2031,Fabrice Santoro,44
2046,Fazaluddin Syed,4
2067,Feliciano Lopez,83
2073,Felix Auger Aliassime,9
2077,Felix Barrientos,2
2081,Felix Mantilla,5
2083,Felix Ponte,1
2087,Ferdi Taygan,9
2094,Fernando Gonzalez,23
2103,Fernando Meligeni,1
2113,Fernando Verdasco,51
2117,Fernando Vicente,5
2121,Fernon Wibier,4
2126,Filip Dewulf,3
2140,Filippo Volandri,2
2145,Flavio Cipolla,1
2150,Flavio Saretta,6
2154,Florent Serra,9
2159,Florian Mayer,39
2162,Florin Mergea,1
2165,Florin Segarceanu,1
2169,Frances Tiafoe,6
2180,Francisco Clavet,11
2187,Francisco Gonzalez,17
2193,Francisco Montana,1
2199,Francisco Roig,1
2211,Franco Squillari,1
2215,Francois Jauffret,9
2217,Francois Van Der Merwe,3
2218,Frank Arthur Sedgman,10
2224,Frank Dancevic,21
2230,Frank Froehling,5
2234,Frank Gebert,4
2244,Frank Sedgman,5
2249,Franklin Robbins,4
2253,Frantisek Cermak,1
2256,Frantisek Pala,3
2264,Fred Mcnair,14
2268,Fred Stolle,44
2273,Freddie Sauer,1
2280,Frederic Niemeyer,1
2290,Frederico Gil,1
2294,Frederik Fetterlein,4
2305,Frew Mcmillan,32
2310,Fritz Buehning,22
2333,Gael Monfils,40
2337,Galo Blanco,1
2341,Gary Drake,1
2345,Gary Muller,18
2347,Gary Penberthy,1
2356,Gaston Gaudio,2
2367,Gene Mayer,15
2369,Gene Scott,19
2373,Gene Stuart Malin,1
2377,Geoff Bluett,1
2382,Geoff Masters,57
2384,Geoff Pollard,2
2385,Geoff Stubbs,1
2388,George Amaya,2
2392,George Bastl,3
2400,George Hardie,11
2404,George Taylor,1
2408,Georges Goven,21
2412,Gerald Battrick,18
2424,Gerard Wimmer,2
2434,German Puentes,1
2436,Gerry Perry,1
2445,Gianluca Pozzi,32
2454,Gianni Ocleppo,5
2459,Gilad Bloom,10
2467,Gilles Elseneer,9
2475,Gilles Moretton,4
2479,Gilles Muller,45
2483,Gilles Simon,52
2491,Giovanni Lapentti,2
2504,Glen Holroyd,1
2508,Glenn Layendecker,19
2512,Glenn Michibata,9
2514,Glenn Petrovic,1
2516,Glenn Weiner,2
2520,Go Soeda,4
2528,Goran Ivanisevic,71
2532,Goran Prpic,1
2541,Gouichi Motomura,2
2545,Graeme Thomson,5
2546,Graham Oliver,1
2549,Graham Stilwell,24
2552,Grant Connell,7
2557,Grant Stafford,20
2560,Graydon Garner,3
2563,Greg Cooper,3
2569,Greg Holmes,11
2572,Greg Perkins,7
2576,Greg Rusedski,86
2580,Greg Whitecross,8
2583,Grega Zemlja,8
2586,Gregoire Barrere,1
2591,Gregory Carraz,6
2595,Grigor Dimitrov,36
2599,Grover Raz Reid,9
2603,Guido Andreozzi,1
2606,Guido Pella,8
2612,Guillaume Raoux,21
2615,Guillaume Rufin,2
2621,Guillermo Canas,26
2625,Guillermo Coria,10
2629,Guillermo Garcia Lopez,29
2640,Guillermo Vilas,70
2649,Gustavo Kuerten,7
2660,Guy Forget,46
2676,Hank Pfister,96
2680,Hans Dieter Beutel,1
2685,Hans Gildemeister,1
2688,Hans Hansson,1
2691,Hans Joachim Ploetz,9
2695,Hans Jurgen Pohmann,4
2699,Hans Kary,6
2707,Hans Schwaier,3
2711,Hans Simonsson,2
2717,Harald Elschenbroich,6
2722,Harald Theissen,2
2726,Harel Levy,6
2730,Harold Solomon,6
2737,Haroon Rahim,9
2741,Harry Barniville,1
2743,Harry Brittain,1
2747,Harry Sheridan,2
2749,Harsh Mankad,3
2763,Heiner Moraing,1
2769,Heinz Gunthardt,10
2780,Hendrik Dreekmann,11
2784,Hendrik Jan Davids,1
2787,Henri Kontinen,1
2793,Henri Leconte,60
2798,Henrik Holm,22
2802,Henrik Sundstrom,5
2808,Henry Bunis,4
2812,Henry Hank Irvine,3
2817,Herb Fitzgibbon,10
2831,Hicham Arazi,18
2854,Horacio Zeballos,2
2858,Horst Skoff,1
2864,Howard Sands,2
2872,Hubert Hurkacz,4
2889,Humphrey Hose,4
2895,Huub Van Boeckel,9
2898,Hyeon Chung,1
2903,Hyung Taik Lee,19
2907,Ian Flanagan,2
2910,Ian Fletcher,22
2924,Igor Andreev,16
2930,Igor Kunitsyn,12
2934,Igor Sijsling,10
2941,Ilie Nastase,78
2945,Ilija Bozoljac,3
2949,Illya Marchenko,6
2953,Ilya Ivashka,2
2958,Ingo Buding,2
2962,Inigo Cervantes Huegun,1
2968,Ion Tiriac,19
2975,Irakli Labadze,5
2984,Ismail El Shafei,38
2995,Ivan Dodig,17
3008,Ivan Lendl,81
3012,Ivan Ljubicic,24
3016,Ivan Miranda,2
3020,Ivan Molina,2
3023,Ivan Navarro,6
3030,Ivo Heuberger,4
3034,Ivo Karlovic,73
3039,Ivo Minar,3
3044,Izak Van Der Merwe,2
3049,J Bougher,1
3054,Jacco Eltingh,27
3062,Jack Sock,12
3064,Jack Waltz,1
3065,Jackie Saul,1
3075,Jacques Thamin,2
3078,Jai Dilouie,1
3081,Jaidip Mukerjea,7
3082,Jaidip Mukherjea,11
3086,Jaime Fillol,43
3090,Jaime Oncins,2
3094,Jaime Pinto Bravo,3
3098,Jaime Yzaga,5
3106,Jakob Hlasek,36
3113,James Blake,32
3115,James Buckley,2
3118,James Chico Hagey,2
3121,James Duckworth,2
3129,James Turner,2
3130,James Ward,13
3133,Jamie Baker,5
3135,Jamie Delgado,7
3139,Jamie Morgan,10
3141,Jamie Presslie,2
3144,Jan Apell,6
3154,Jan Gunnarsson,9
3160,Jan Hernych,19
3166,Jan Kodes,40
3171,Jan Kroslak,4
3175,Jan Kukal,8
3178,Jan Lennard Struff,12
3182,Jan Leschly,8
3187,Jan Michael Gambill,23
3191,Jan Norback,3
3199,Jan Siemerink,28
3203,Jan Simbera,1
3205,Jan Vacek,14
3213,Janko Tipsarevic,38
3221,Jared Donaldson,6
3225,Jared Palmer,7
3229,Jarkko Nieminen,25
3240,Jasjit Singh,4
3243,Jason Jung,2
3249,Jason Stoltenberg,59
3255,Javier Frana,40
3258,Javier Marti,1
3265,Javier Sanchez,3
3270,Jay Berger,1
3272,Jay Clarke,2
3275,Jay Lapidus,16
3279,Jay Royappa,1
3285,Jean Baptiste Chanfreau,17
3291,Jean Claude Barclay,1
3295,Jean Courcol,1
3301,Jean Francois Caujolle,2
3306,Jean Louis Haillet,3
3309,Jean Loup Rouyer,12
3318,Jean Paul Meyer,3
3321,Jean Philippe Fleurian,6
3324,Jean Pierre Courcol,4
3328,Jean Rene Lisnard,1
3333,Jeff Austin,8
3337,Jeff Borowiak,30
3342,Jeff Morrison,6
3346,Jeff Salzenstein,3
3350,Jeff Simpson,17
3354,Jeff Tarango,14
3357,Jeff Turpin,3
3362,Jens Knippschild,12
3367,Jens Woehrmann,1
3372,Jeremy Bates,43
3375,Jeremy Chardy,28
3377,Jeremy Cohen,1
3381,Jerome Golmard,15
3388,Jerome Potier,2
3397,Jerzy Janowicz,16
3402,Jesse Huta Galung,2
3405,Jesse Levine,10
3416,Jia Ping Xia,2
3423,Jim Courier,28
3427,Jim Delaney,16
3431,Jim Grabb,10
3435,Jim Gurfein,4
3439,Jim Mcmanus,18
3441,Jim Moore,4
3444,Jim Osborne,14
3448,Jim Pugh,10
3450,Jim Ward,1
3454,Jimmy Arias,3
3461,Jimmy Connors,174
3465,Jimmy Wang,9
3479,Jiri Hrebec,10
3483,Jiri Novak,17
3488,Jiri Vanek,1
3491,Jiri Vesely,18
3493,Jiri Zigmund,1
3498,Jo-Wilfried Tsonga,52
3502,Joachim Johansson,6
3506,Joakim Nystrom,23
3511,Joao Cunha Silva,1
3519,Joao Soares,7
3522,Joao Sousa,14
3530,Joaquin Loyo Mayo,21
3533,Joe Meyers,1
3540,Joern Renzenbrink,2
3545,Joey Rive,12
3549,Johan Anderson,1
3553,Johan Carlsson,2
3557,Johan Kriek,85
3566,John Alexander,122
3570,John Andrews,6
3575,John Austin,8
3578,John Barrett,2
3581,John Bartlett,13
3586,John Brown,4
3593,John Clifton,5
3595,John Cooper,35
3600,John De Mendoza,3
3605,John Eastburn,1
3611,John Feaver,21
3615,John Fitzgerald,98
3617,John Fort,1
3618,John Fraser,2
3621,John Frawley,12
3624,John Gardner,2
3626,John Gavan Fraser,1
3632,John Holladay,2
3635,John Isner,49
3639,John James,38
3642,John Letts,1
3646,John Lloyd,59
3650,John Marks,18
3653,John Mattke,1
3655,John McDonald,4
3658,John McEnroe,121
3660,John Mccurdy,5
3662,John Mcgrath,3
3665,John Millman,10
3671,John Newcombe,145
3675,John Paish,15
3677,John Patrick Smith,4
3682,John Ross,2
3686,John Sadri,68
3689,John Sharpe,2
3692,John Stephens,2
3694,John Stoddart,1
3696,John Trickey,4
3699,John Van Lottum,13
3701,John Van Nostrand,2
3705,John Whitlinger,5
3707,John Williams,1
3711,John Yuill,9
3721,Jon Levine,1
3725,Jonas Bjorkman,82
3731,Jonas Svensson,12
3735,Jonathan Canter,9
3739,Jonathan Erlich,1
3741,Jonathan Marray,4
3746,Jonathan Smith,19
3750,Jonathan Stark,21
3756,Jordan Thompson,8
3761,Jordi Burillo,7
3767,Jorge Andrew,4
3779,Jorgen Ulrich,2
3796,Jose Castanon,1
3811,Jose Higueras,4
3816,Jose Lopez Maeso,3
3820,Jose Luis Arillla,1
3823,Jose Luis Clerc,11
3827,Jose Luis Damiani,1
3832,Jose Mandarino,5
3839,Jose Moreno,1
3854,Joseph Sirianni,1
3858,Joshua Eagle,1
3860,Joshua Goodall,1
3871,Juan Aguilera,2
3874,Juan Albert Viloca Puig,1
3889,Juan Carlos Ferrero,30
3898,Juan Gisbert,8
3905,Juan Ignacio Chela,4
3908,Juan Ignacio Londero,1
3916,Juan Martin del Potro,40
3920,Juan Monaco,7
3943,Julian Ganzabal,4
3946,Julian Knowle,4
3951,Julian Reister,3
3955,Julien Benneteau,36
3959,Julien Boutter,1
3974,Jun Kamiwazumi,13
3978,Jun Kuki,5
3985,Jurgen Fassbender,15
3989,Jurgen Melzer,39
4000,Justin Bower,1
4004,Justin Gimelstob,24
4011,Kamil Majchrzak,1
4019,Karel Novacek,10
4022,Karen Khachanov,14
4026,Karim Alami,5
4040,Karl Meiler,26
4047,Karol Beck,14
4051,Karol Kucera,37
4055,Karsten Braasch,11
4061,Kei Nishikori,40
4066,Keith Diepraam,3
4070,Keith Hancock,4
4077,Kelly Evernden,38
4080,Kelly Jones,4
4083,Kelvin Belcher,1
4089,Ken Flach,17
4092,Ken Fletcher,5
4095,Ken Rosewall,135
4097,Ken Stuart,2
4100,Kenichi Hirai,1
4105,Kenneth Carlsen,31
4109,Kenneth Reid,2
4113,Kenny De Schepper,9
4116,Kenny Thorne,1
4121,Kent Kinnear,2
4126,Kevin Anderson,39
4130,Kevin Curren,71
4135,Kevin Kim,4
4138,Kevin Krawietz,1
4139,Kevin Menton,1
4145,Kevin Ullyett,6
4160,Kim Warwick,84
4166,Kiyoshi Tanabe,3
4168,Kiyoski Tanabe,2
4173,Kjell Johansson,2
4176,Klaus Eberhard,1
4179,Koji Watanabe,2
4185,Konstantin Kravchuk,1
4201,Kristian Capalik,2
4206,Kristian Pless,4
4210,Kristof Vliegen,10
4217,Kyle Edmund,12
4220,L B Taylor,1
4233,Larry Parker,1
4234,Larry Scott,1
4237,Larry Stefanki,6
4240,Larry Turville,4
4246,Lars Burgsmuller,8
4253,Lars Jonsson,2
4263,Laslo Djere,1
4268,Laurence Tieleman,20
4276,Laurie Warder,3
4280,Lawrence Hall,2
4289,Leander Paes,46
4292,Lee Childs,1
4298,Leif Johansson,1
4302,Leif Shiras,27
4305,Lenny Schloss,1
4309,Leo Palin,1
4314,Leonardo Lavalle,2
4317,Leonardo Mayer,16
4326,Lew Hoad,12
4328,Lewis Sylvester,3
4330,Liam Broady,1
4347,Lito Alvarez,2
4351,Lleyton Hewitt,129
4355,Lloyd Bourne,26
4360,Loic Courteau,3
4365,Lorenzo Manta,3
4369,Lorenzo Sonego,5
4374,Louis Gloria,1
4376,Louis Pretorius,1
4393,Lucas Pouille,18
4403,Luis Ayala,4
4417,Luis Herrera,12
4428,Luiz Mattar,1
4434,Lukas Dlouhy,2
4437,Lukas Lacko,18
4442,Lukas Rosol,8
4446,Lukasz Kubot,13
4450,Luke Jensen,1
4452,Luke Milligan,3
4454,Luke Saville,2
4459,M Lorenzo,1
4460,Ma Ilahi,1
4462,Mackenzie McDonald,5
4466,Magnus Gustafsson,18
4470,Magnus Larsson,24
4475,Magnus Norman,7
4479,Mahader Hassan,1
4481,Mahesh Bhupathi,6
4487,Mal Anderson,35
4492,Malek Jaziri,8
4496,Malivai Washington,26
4505,Manuel Orantes,31
4511,Manuel Santana,9
4520,Marat Safin,26
4528,Marc Flur,11
4532,Marc Gicquel,11
4536,Marc Kevin Goellner,17
4539,Marc Lopez,1
4545,Marc Rosset,28
4551,Marcel Freeman,7
4554,Marcel Granollers,17
4560,Marcello Lara,6
4577,Marcelo Rios,6
4588,Marco Cecchinato,2
4592,Marco Chiudinelli,6
4602,Marcos Aurelio Gorriz,1
4606,Marcos Baghdatis,55
4609,Marcos Daniel,1
4615,Marcos Hocevar,12
4619,Marcos Ondruska,13
4624,Marcus Willis,1
4627,Mardy Fish,46
4632,Marian Vajda,1
4644,Marin Cilic,68
4647,Marinko Matosevic,8
4651,Mario Ancic,39
4666,Marius Copil,6
4673,Mark Bailey,1
4679,Mark Cox,64
4683,Mark Dickson,11
4685,Mark Draper,1
4688,Mark Edmondson,109
4692,Mark Farrell,11
4695,Mark Hilton,1
4697,Mark Kaplan,3
4700,Mark Keil,2
4704,Mark Knowles,8
4708,Mark Koevermans,3
4712,Mark Kratzmann,25
4714,Mark Lewis,1
4716,Mark Lyndon,1
4724,Mark Petchey,17
4728,Mark Philippoussis,51
4735,Mark Woodforde,51
4737,Mark Wooldridge,2
4741,Marko Ostoja,3
4750,Markus Hantschk,1
4753,Markus Hipfl,1
4757,Markus Naewie,1
4764,Markus Zoecke,5
4768,Marsel Ilhan,4
4780,Martin Damm,23
4783,Martin Fischer,1
4788,Martin Jaite,4
4791,Martin Klizan,4
4794,Martin Laurendeau,5
4798,Martin Lee,15
4801,Martin Mulligan,1
4806,Martin Robinson,1
4813,Martin Sinner,1
4823,Martin Vassallo Arguello,2
4827,Martin Verkerk,3
4832,Martin Wostenholme,3
4838,Marton Fucsovics,4
4842,Marty Davis,30
4846,Marty Riessen,64
4850,Marzio Martelli,1
4854,Massimiliano Narducci,1
4859,Massimo Dellacqua,1
4866,Mate Pavic,2
4869,Mathias Werren,1
4877,Mats Wilander,49
4881,Matt Anger,26
4885,Matt Doyle,10
4889,Matt Mitchell,17
4892,Matteo Berrettini,13
4897,Matthew Barton,1
4900,Matthew Ebden,20
4904,Matthias Bachinger,2
4908,Matti Timonen,1
4911,Maurice Ruah,2
4922,Max Cocks,3
4923,Max Franklin,3
4927,Max Mirnyi,30
4929,Max Pettman,1
4931,Max Senior,1
4941,Maximilian Marterer,1
4950,Mel Purcell,8
4953,Melle Van Gemerden,1
4958,Menno Oosting,2
4961,Merv Guse,1
4962,Mervyn Rose,3
4964,Michael Appleton,1
4967,Michael Berrer,7
4974,Michael Chang,30
4981,Michael Hickey,3
4985,Michael Joyce,7
4989,Michael Kohlmann,5
4999,Michael Llodra,44
5007,Michael Phillips,2
5013,Michael Robertson,2
5016,Michael Russell,10
5020,Michael Sangster,1
5025,Michael Stich,61
5032,Michael Tebbutt,4
5038,Michael Wayman,2
5042,Michael Westphal,1
5044,Michael Yani,3
5052,Michal Mertinak,2
5056,Michal Przysiezny,4
5063,Michel Kratochvil,11
5070,Michiel Schapers,33
5089,Miguel Olvera,2
5099,Mikael Pernfors,8
5104,Mikael Tillstrom,3
5112,Mike Bauer,30
5115,Mike Belkin,4
5119,Mike Brunnberg,4
5121,Mike Bryan,1
5126,Mike Collins,5
5129,Mike De Palmer,14
5133,Mike Estep,33
5138,Mike Gandolfo,2
5145,Mike Leach,15
5147,Mike Lee,2
5150,Mike Machette,12
5163,Mikhail Kukushkin,15
5166,Mikhail Ledovskikh,1
5170,Mikhail Youzhny,61
5174,Milan Holecek,15
5178,Milan Srejber,7
5183,Miles Maclagan,2
5187,Milos Raonic,49
5191,Miloslav Mecir,34
5198,Miomir Kecmanovic,6
5201,Mirza Basic,2
5204,Mischa Zverev,30
5209,Modesto Tito Vazquez,6
5218,Mohamed Safwat,1
5224,Mohammed Khalid,1
5237,Mose Navarra,2
5239,Mounir El Aarej,1
5241,Muhammad Khaliq Siddiq,7
5244,Munawar Iqbal,3
5256,Nandan Bal,1
5260,Nathan Healey,1
5264,Nduka Odizor,31
5267,Neale Fraser,8
5271,Ned Neely,1
5273,Neil Borwick,5
5275,Neil Broad,1
5279,Nelson Aerts,2
5283,Nenad Zimonjic,4
5286,Neville Godwin,16
5288,Neville Nette,1
5293,Nicholas Kalogeropoulos,9
5297,Nick Brown,10
5300,Nick Fulwood,5
5302,Nick Kyrgios,22
5307,Nick Saviano,30
5312,Nicklas Kroon,4
5316,Nicklas Kulti,15
5324,Nicola Pietrangeli,2
5328,Nicola Spear,3
5333,Nicolas Almagro,14
5339,Nicolas Devilder,2
5343,Nicolas Escude,23
5346,Nicolas Jarry,4
5349,Nicolas Kelaidis,2
5354,Nicolas Kiefer,44
5359,Nicolas Lapentti,11
5363,Nicolas Mahut,67
5367,Nicolas Massu,6
5371,Nicolas Pereira,11
5378,Nicolas Thomann,1
5388,Nikola Pilic,53
5393,Nikolay Davydenko,10
5396,Nikoloz Basilashvili,7
5409,Noam Okun,3
5414,Noel Phillips,4
5425,Norman Holmes,5
5430,Novak Djokovic,95
5434,Nuno Marques,2
5442,Oleg Ogorodov,2
5454,Olivier Delaitre,8
5457,Olivier Mutis,2
5460,Olivier Patience,3
5464,Olivier Rochus,43
5471,Olli Rahnasto,1
5475,Omar Camporese,5
5480,Omer Rashid,1
5484,Onny Parun,88
5495,Orlin Stanoytchev,1
5498,Oscar Burrieza,2
5502,Oscar Hernandez,1
5509,Ota Fukarek,1
5516,Ove Nils Bengtson,19
5523,Owen Davidson,40
5526,P Mortoire,1
5527,P Scott,1
5530,Pablo Andujar,2
5539,Pablo Carreno Busta,2
5543,Pablo Cuevas,7
5549,Pancho Guzman,3
5553,Pancho Segura,2
5556,Pancho Walthall,4
5562,Paolo Bertolucci,3
5566,Paolo Cane,1
5569,Paolo Lorenzi,5
5574,Paradorn Srichaphan,25
5579,Pascal Portes,4
5585,Pat Cash,99
5589,Pat Cramer,8
5593,Pat Dupre,23
5599,Patrice Beust,5
5602,Patrice Dominguez,30
5604,Patrice Hagelauer,3
5606,Patrice Wiman,1
5610,Patricio Cornejo,14
5613,Patricio Rodriguez Chi,1
5616,Patrick Baur,7
5621,Patrick Hombergen,3
5625,Patrick McEnroe,8
5629,Patrick Proisy,24
5633,Patrick Rafter,74
5642,Patrik Kuhnen,19
5648,Paul Annacone,39
5651,Paul Baccanello,1
5654,Paul Capdeville,3
5657,Paul Chamberlin,13
5662,Paul Gerken,16
5666,Paul Goldstein,11
5670,Paul Haarhuis,28
5672,Paul Hearnden,1
5676,Paul Henri Mathieu,22
5679,Paul Hutchins,3
5681,Paul Kilderry,2
5685,Paul Kronk,25
5689,Paul Mcnamee,62
5691,Paul Sullivan,1
5701,Paul Wekesa,1
5743,Pete Sampras,102
5751,Peter Burwash,2
5752,Peter Campbell,4
5755,Peter Carlsson,3
5758,Peter Carter,1
5764,Peter Curtis,15
5766,Peter Doerner,6
5770,Peter Doohan,38
5774,Peter Elter,2
5778,Peter Feigl,25
5780,Peter Fishbach,1
5783,Peter Fleming,18
5786,Peter Gojowczyk,8
5790,Peter Jackson,4
5793,Peter Johnston,1
5797,Peter Kanderal,3
5801,Peter Langsford,1
5805,Peter Luczak,4
5809,Peter Lundgren,17
5812,Peter Marmureanu,1
5815,Peter Mcnamara,25
5818,Peter Moraing,1
5833,Peter Rennert,22
5835,Peter Rigg,2
5836,Peter Smylie,1
5841,Peter Tramacchi,2
5844,Peter Wessels,18
5847,Peter Wright,1
5851,Petr Korda,30
5857,Phil Davies,1
5860,Phil Dent,139
5863,Phil Siviter,1
5867,Philip Holton,2
5872,Philipp Kohlschreiber,58
5876,Philipp Petzschner,21
5880,Philippe Pech,2
5888,Pierce Kelly,1
5894,Pierre Barthes,29
5896,Pierre Bouteyre,1
5900,Pierre Hugues Herbert,14
5907,Pieter Aldrich,12
5909,Pieter Burki,1
5912,Pietro Marzano,2
5916,Potito Starace,1
5918,Prajnesh Gunneswaran,2
5920,Prakash Amritraj,15
5926,Premjit Lall,18
5934,R Jenkin,1
5935,R W Davies,1
5936,R Walker,1
5943,Radek Stepanek,43
5947,Radomir Vasek,1
5954,Radu Albot,7
5958,Raemon Sluiter,23
5967,Rafael Nadal,71
5974,Rainer Schuettler,45
5977,Rajeev Ram,19
5982,Ramanathan Krishnan,1
5987,Ramesh Krishnan,57
5994,Ramkumar Ramanathan,8
5998,Ramon Delgado,2
6001,Rand Evett,2
6005,Randy Nixon,1
6017,Raul Ramirez,49
6020,Rauty Krog,3
6022,Raven Klaasen,2
6026,Ray Keldie,21
6029,Ray Kelly,1
6032,Ray Ruffels,70
6036,Raymond Moore,48
6040,Rayno Seegers,3
6044,Razvan Sabau,3
6049,Reginald Bennett,1
6053,Reijo Tuomola,1
6055,Reilly Opelka,2
6067,Renzo Furlan,3
6074,Ricardas Berankis,4
6077,Ricardo Acioly,1
6081,Ricardo Acuna,22
6092,Ricardo Mello,1
6102,Ricardo Ycaza,1
6106,Richard Bloomfield,4
6107,Richard Coulthard,1
6110,Richard Fromberg,17
6115,Richard Gasquet,70
6117,Richard Hawkes,1
6119,Richard Howes,1
6122,Richard Krajicek,63
6125,Richard Leach,3
6128,Richard Lewis,29
6132,Richard Matuszewski,9
6136,Richard Meyer,9
6140,Richard Pancho Gonzales,31
6144,Richard Russell,2
6150,Richey Reneberg,39
6157,Rick Fisher,9
6159,Rick Jordan,1
6161,Rick Leach,1
6169,Ricky Brown,1
6171,Ricky Buwalda,1
6175,Rik De Voest,3
6179,Rob Kilderry,1
6181,Robbie Koenig,1
6187,Robbie Weiss,5
6191,Robby Ginepri,24
6195,Robert Casey C100,1
6200,Robert Kendrick,4
6204,Robert Kreiss,2
6208,Robert Lutz,66
6212,Robert Machan,2
6216,Robert Maud,19
6219,Robert Mckinley,14
6229,Robert Seguso,20
6234,Robert Stock,1
6237,Robert Trogolo,1
6241,Robert Vant Hof,8
6244,Robert Wilson,8
6252,Roberto Bautista Agut,32
6255,Roberto Carballes Baena,1
6261,Roberto Chavez,1
6272,Roberto Saad,4
6279,Robin Drysdale,9
6283,Robin Haase,22
6288,Robin Soderling,26
6292,Robin Vik,1
6297,Rod Brent,3
6300,Rod Frawley,50
6304,Rod Laver,81
6307,Rodney Harmon,8
6314,Rodolphe Gilbert,2
6323,Roger Dowdeswell,2
6327,Roger Federer,189
6331,Roger Knapp,4
6336,Roger Smith,4
6340,Roger Taylor,78
6346,Rohan Bopanna,8
6349,Rohan De Silva,1
6352,Rohun Beven,1
6356,Roko Karanusic,4
6372,Rolf Gehring,11
6380,Rolf Thung,4
6391,Ron Goldman,1
6393,Ron Hightower,2
6397,Ron Holmberg,11
6401,Ronald Agenor,3
6403,Ronan Fearon,1
6406,Ronnie Bathman,1
6412,Roscoe Tanner,116
6416,Ross Case,78
6418,Ross Matheson,1
6421,Roy Barth,16
6425,Roy Emerson,40
6433,Ruben Bemelmans,6
6437,Ruben Porges,2
6443,Rudolf Molleker,1
6453,Russell Simpson,56
6456,Ryan Harrison,13
6461,Ryan Sweeting,3
6465,S Fine,1
6468,S Joseph,1
6476,Saeed Meer,5
6487,Sam Groth,15
6490,Sam Querrey,68
6497,Sammy Giammalva Jr,29
6503,Sander Groen,1
6507,Sandon Stolle,28
6517,Sandy Mayer,54
6521,Santiago Giraldo,14
6530,Sargis Sargsian,28
6536,Sasa Hirszon,1
6541,Sashi Menon,13
6545,Schalk Van Der Merwe,1
6551,Scott Carnahan,2
6555,Scott Davis,30
6559,Scott Draper,22
6565,Scott Mccain,8
6572,Scoville Jenkins,1
6579,Sean Sorensen,2
6587,Sebastian Ofner,2
6597,Sebastien Grosjean,49
6601,Sebastien Lareau,12
6608,Selvam Veerasingam,1
6617,Sergei Bubka,1
6624,Sergi Bruguera,5
6628,Sergio Casal,1
6632,Sergio Cruz,1
6637,Sergio Roitman,1
6642,Sergiy Stakhovsky,26
6652,Shahar Perkiss,6
6657,Shane Barr,2
6667,Sherwood Stewart,28
6676,Shlomo Glickstein,19
6687,Shuzo Matsuoka,24
6692,Simon Greul,3
6698,Simon Stadler,3
6702,Simon Youl,23
6706,Simone Bolelli,16
6710,Simone Colombo,1
6715,Sjeng Schalken,47
6719,Slava Dosedel,5
6725,Slobodan Zivojinovic,33
6732,Somdev Devvarman,3
6741,Srinivasan Vasudevan,3
6746,Stan Smith,124
6750,Stan Wawrinka,31
6754,Stanislav Birner,3
6757,Stanley Matthews,8
6758,Stanley Pasarell,3
6761,Stefan Edberg,99
6769,Stefan Koubek,8
6772,Stefan Koudelka,2
6773,Stefan Kozlov,5
6777,Stefan Simonsson,8
6784,Stefano Galvani,3
6790,Stefano Pescosolido,5
6796,Stefanos Tsitsipas,8
6798,Stepan Koudelka,1
6808,Stephane Huet,2
6811,Stephane Robert,4
6816,Stephane Simian,12
6818,Stephen Botfield,2
6821,Stephen Myers,3
6824,Stephen Warboys,11
6828,Steve Bryan,2
6832,Steve Campbell,3
6836,Steve Darcis,16
6840,Steve Denton,26
6843,Steve Devries,1
6847,Steve Docherty,14
6850,Steve Faulk,2
6856,Steve Johnson,32
6860,Steve Krulevitz,12
6864,Steve Meister,6
6867,Steve Shaw,10
6871,Steve Turner,2
6877,Stevenson Clarke,2
6881,Stuart Bale,2
6896,Sutarjo Sugiarto,2
6901,Syd Ball,52
6907,Szabolcz Baranyi,11
6919,Takao Suzuki,1
6922,Takeshi Koura,1
6933,Tarik Benhabiles,3
6943,Tatsuma Ito,8
6947,Taylor Dent,29
6950,Taylor Fritz,10
6955,Teimuraz Kakoulia,12
6959,Teimuraz Kakulia,1
6963,Tenny Svensson,2
6966,Tennys Sandgren,5
6971,Terry Addison,15
6973,Terry Hassall,1
6976,Terry Moor,13
6980,Terry Rocavert,11
6984,Terry Ryan,18
6989,Teymuraz Gabashvili,6
6992,Thanasi Kokkinakis,3
6997,Thiago Alves,2
7000,Thiago Monteiro,1
7004,Thiemo De Bakker,7
7012,Thierry Bernasconi,2
7016,Thierry Champion,11
7027,Thierry Tulasne,2
7030,Thomas Blake,1
7034,Thomas Buchmayer,1
7038,Thomas Enqvist,20
7041,Thomas Fabbiano,8
7049,Thomas Hogstedt,2
7053,Thomas Johansson,48
7057,Thomas Lejus,5
7060,Thomas Muster,8
7064,Thomas Prerovsky,1
7072,Thomaz Bellucci,6
7076,Thomaz Koch,11
7078,Thorsten Poelzl,1
7083,Tian C Viljoen,1
7085,Tico Carrero,2
7089,Tim Clayton,1
7090,Tim Clements,2
7095,Tim Gullikson,70
7099,Tim Henman,85
7103,Tim Mayotte,90
7105,Tim Pawsat,1
7107,Tim Puetz,1
7109,Tim Smyczek,6
7114,Tim Wilkison,73
7126,Tito Vazquez,1
7131,Tobias Kamke,11
7138,Todd Larkham,1
7142,Todd Martin,61
7146,Todd Nelson,9
7148,Todd Reid,3
7153,Todd Witsken,6
7157,Todd Woodbridge,45
7165,Tom Cain,5
7171,Tom Edlefsen,10
7175,Tom Gorman,67
7179,Tom Gullikson,53
7184,Tom Kreiss,2
7187,Tom Leonard,8
7191,Tom Mozur,3
7194,Tom Nijssen,1
7198,Tom Okker,96
7202,Toma Ovici,1
7209,Tomas Berdych,68
7216,Tomas Carbonell,6
7223,Tomas Nydahl,1
7227,Tomas Smid,18
7232,Tomas Zib,6
7244,Tommy Haas,57
7247,Tommy Ho,4
7253,Tommy Robredo,31
7257,Tony Bardsley,3
7262,Tony Giammalva,8
7266,Tony Graham,2
7269,Tony Lloyd,2
7273,Tony Parun P071,3
7278,Tony Roche,125
7280,Toomas Leius,3
7283,Torben Ulrich,18
7286,Tore Meinecke,1
7293,Toshiro Sakai,11
7296,Travis Rettenmaier,1
7300,Tres Cushing,1
7302,Trevor Baker,1
7303,Trevor Fancutt,1
7304,Trevor Little,2
7307,Trey Waltke,5
7321,Tuomas Ketola,1
7328,U Unknown,1
7333,Udo Riglewski,2
7336,Ugo Humbert,6
7346,Ulf Stenlund,2
7350,Ulrich Marten,11
7353,Ulrich Pinner,9
7368,Vallis Wilder,4
7369,Van Bay Vo,2
7370,Van Thanh Vo,1
7373,Van Winitsky,2
7376,Vasek Pospisil,16
7383,Veli Paloheimo,5
7389,Victor Amaya,42
7394,Victor Crivoi,1
7397,Victor Eke,1
7399,Victor Estrella,4
7403,Victor Hanescu,13
7408,Victor Pecci,22
7413,Vijay Amritraj,94
7419,Viktor Troicki,32
7428,Vincent Spadea,27
7432,Vincent Van Patten,2
7437,Vincenzo Santopadre,1
7443,Vitas Gerulaitis,59
7447,Vittorio Crotta,1
7451,Vladimir Korotkov,6
7455,Vladimir Voltchkov,10
7459,Vladimir Zednik,9
7470,Wally Masur,112
7475,Wanaro N'Godrella,13
7478,Wanaro Ngodrella,5
7480,Warren Jacques,1
7483,Warren Maher,9
7487,Wayne Arthurs,39
7491,Wayne Black,7
7495,Wayne Ferreira,68
7499,Wayne Hampson,7
7505,Wayne Pascoe,6
7516,Werner Eschauer,1
7519,Werner Zirngibl,2
7522,Wesley Moodie,10
7524,Wesley Whitehouse,1
7533,Wilhelm Bungert,3
7540,William Brown,5
7542,William Coghlan,4
7543,William Collins,1
7545,William Durham,5
7548,William Higgins,4
7552,Willie Davies,2
7555,Wishaya Trongcharoenchaikul,1
7561,Wojtek Fibak,23
7568,Wolfgang Popp,4
7573,Woody Blocher,1
7587,Xavier Malisse,50
7599,Yannick Hanfmann,1
7606,Yannick Noah,15
7619,Yen Hsun Lu,28
7623,Yevgeny Kafelnikov,46
7632,Yong Kyu Lim,1
7641,Younes El Aynaoui,10
7654,Yuichi Sugita,14
7662,Yves Allegro,4
7664,Zack Fleishman,1
7667,Zan Guerry,2
7671,Ze Zhang,1
7673,Zeeshan Ali,1
7677,Zeljko Franulovic,6
7688,Zoltan Kuharszky,3
